summary,attendance,endurance,strength,flexibility,participation,skill_speed,physical_progress,score
count,50000,50000,50000,50000,50000,50000,50000,50000
mean,74.4786,61.83506,64.38926,59.3911,77.12138,62.00208,66.9546,66.9639131999998
stddev,14.391421205012639,18.775873494059166,17.329319166039255,17.359201814246852,12.995189278901968,18.792145661642067,15.887132745078297,6.977321348134228
min,50,30,35,30,55,30,40,40.75
max,99,94,94,89,99,94,94,95.07
